-- phpMyAdmin SQL Dump
-- version 5.0.2
-- https://www.phpmyadmin.net/
--
-- Host: localhost
-- Generation Time: Jul 17, 2020 at 04:11 PM
-- Server version: 10.4.13-MariaDB
-- PHP Version: 7.4.7

SET SQL_MODE = "NO_AUTO_VALUE_ON_ZERO";
START TRANSACTION;
SET time_zone = "+00:00";


/*!40101 SET @OLD_CHARACTER_SET_CLIENT=@@CHARACTER_SET_CLIENT */;
/*!40101 SET @OLD_CHARACTER_SET_RESULTS=@@CHARACTER_SET_RESULTS */;
/*!40101 SET @OLD_COLLATION_CONNECTION=@@COLLATION_CONNECTION */;
/*!40101 SET NAMES utf8mb4 */;

--
-- Database: `laundry_native`
--

-- --------------------------------------------------------

--
-- Table structure for table `tb_pelanggan`
--

CREATE TABLE `tb_pelanggan` (
  `id_pelanggan` int(11) NOT NULL,
  `kode_pelanggan` varchar(255) NOT NULL,
  `nama_pelanggan` varchar(50) NOT NULL,
  `alamat_pelanggan` varchar(150) NOT NULL,
  `telp_pelanggan` int(30) NOT NULL
) ENGINE=InnoDB DEFAULT CHARSET=utf8mb4;

--
-- Dumping data for table `tb_pelanggan`
--

INSERT INTO `tb_pelanggan` (`id_pelanggan`, `kode_pelanggan`, `nama_pelanggan`, `alamat_pelanggan`, `telp_pelanggan`) VALUES
(2, 'PLG-0002', 'Rozi', 'jl.purwodadi', 87656765),
(3, 'PLG-0003', 'Irfan', 'jl.angkasa', 876765456),
(5, 'PLG-0004', 'Rudi ', 'jl.waktu', 127678767);

-- --------------------------------------------------------

--
-- Table structure for table `tb_tranlaundry`
--

CREATE TABLE `tb_tranlaundry` (
  `id_tranlaundry` int(11) NOT NULL,
  `id_pelanggan` varchar(20) NOT NULL,
  `id_user` int(11) NOT NULL,
  `tgl_terima` date NOT NULL,
  `tgl_selesai` date NOT NULL,
  `jumlah_kiloan` int(11) NOT NULL,
  `nominal` int(11) NOT NULL,
  `status` varchar(30) NOT NULL,
  `catatan` text NOT NULL
) ENGINE=InnoDB DEFAULT CHARSET=utf8mb4;

--
-- Dumping data for table `tb_tranlaundry`
--

INSERT INTO `tb_tranlaundry` (`id_tranlaundry`, `id_pelanggan`, `id_user`, `tgl_terima`, `tgl_selesai`, `jumlah_kiloan`, `nominal`, `status`, `catatan`) VALUES
(1, '2', 1, '2020-07-05', '2020-07-12', 2, 20000, 'Lunas', 'Kaos 10'),
(2, '3', 31, '2020-07-12', '2020-07-13', 2, 14000, 'Lunas', 'Kasur dan spring bad'),
(13, '2', 2, '2020-07-06', '2020-07-10', 4, 28000, 'Lunas', 't'),
(14, '5', 2, '2020-07-14', '2020-07-17', 3, 21000, 'Lunas', 'aw');

-- --------------------------------------------------------

--
-- Table structure for table `tb_transaksi`
--

CREATE TABLE `tb_transaksi` (
  `kode_transaksi` int(11) NOT NULL,
  `id_user` int(11) NOT NULL,
  `tgl_transaksi` date NOT NULL,
  `pemasukan` int(11) NOT NULL,
  `pengeluaran` int(11) NOT NULL,
  `catatan` text NOT NULL,
  `keterangan` varchar(30) NOT NULL
) ENGINE=InnoDB DEFAULT CHARSET=utf8mb4;

--
-- Dumping data for table `tb_transaksi`
--

INSERT INTO `tb_transaksi` (`kode_transaksi`, `id_user`, `tgl_transaksi`, `pemasukan`, `pengeluaran`, `catatan`, `keterangan`) VALUES
(1, 2, '2020-07-06', 28000, 0, 't', 'pemasukan'),
(2, 2, '2020-07-14', 0, 21000, 'aw', 'pengeluaran'),
(3, 1, '2020-07-15', 0, 5000, 'Beli Sabun', 'pengeluaran');

-- --------------------------------------------------------

--
-- Table structure for table `tb_user`
--

CREATE TABLE `tb_user` (
  `id_user` int(11) NOT NULL,
  `username` varchar(50) NOT NULL,
  `nama` varchar(50) NOT NULL,
  `password` varchar(255) NOT NULL,
  `level` varchar(30) NOT NULL,
  `foto` varchar(255) NOT NULL
) ENGINE=InnoDB DEFAULT CHARSET=utf8mb4;

--
-- Dumping data for table `tb_user`
--

INSERT INTO `tb_user` (`id_user`, `username`, `nama`, `password`, `level`, `foto`) VALUES
(1, 'admin', 'admin', 'admin', 'admin', 'admin.jpg'),
(2, 'kasir', 'kasir1', 'kasir1', 'kasir', 'kasir.jpg'),
(31, 'ridho aw', 'ridho surya', 'ridho', 'admin', '5f0da6b6f0709.jpg');

--
-- Indexes for dumped tables
--

--
-- Indexes for table `tb_pelanggan`
--
ALTER TABLE `tb_pelanggan`
  ADD PRIMARY KEY (`id_pelanggan`);

--
-- Indexes for table `tb_tranlaundry`
--
ALTER TABLE `tb_tranlaundry`
  ADD PRIMARY KEY (`id_tranlaundry`);

--
-- Indexes for table `tb_transaksi`
--
ALTER TABLE `tb_transaksi`
  ADD PRIMARY KEY (`kode_transaksi`);

--
-- Indexes for table `tb_user`
--
ALTER TABLE `tb_user`
  ADD PRIMARY KEY (`id_user`);

--
-- AUTO_INCREMENT for dumped tables
--

--
-- AUTO_INCREMENT for table `tb_pelanggan`
--
ALTER TABLE `tb_pelanggan`
  MODIFY `id_pelanggan` int(11) NOT NULL AUTO_INCREMENT, AUTO_INCREMENT=6;

--
-- AUTO_INCREMENT for table `tb_tranlaundry`
--
ALTER TABLE `tb_tranlaundry`
  MODIFY `id_tranlaundry` int(11) NOT NULL AUTO_INCREMENT, AUTO_INCREMENT=15;

--
-- AUTO_INCREMENT for table `tb_transaksi`
--
ALTER TABLE `tb_transaksi`
  MODIFY `kode_transaksi` int(11) NOT NULL AUTO_INCREMENT, AUTO_INCREMENT=4;

--
-- AUTO_INCREMENT for table `tb_user`
--
ALTER TABLE `tb_user`
  MODIFY `id_user` int(11) NOT NULL AUTO_INCREMENT, AUTO_INCREMENT=33;
COMMIT;

/*!40101 SET CHARACTER_SET_CLIENT=@OLD_CHARACTER_SET_CLIENT */;
/*!40101 SET CHARACTER_SET_RESULTS=@OLD_CHARACTER_SET_RESULTS */;
/*!40101 SET COLLATION_CONNECTION=@OLD_COLLATION_CONNECTION */;
